time,true_x,true_y,true_heading,true_speed,gnss_lat,gnss_lon,gnss_x,gnss_y,instant_speed,filtered_speed,spread,is_stationary,is_updating,machine_x,machine_y,machine_heading,hitch_x,hitch_y,hitch_heading,impl_x,impl_y,impl_heading,cross_track_error,heading_error,active_line
0.000,0.0000,0.0000,0.0000,0.000,38.06517821,-79.05179044,-0.0385,0.9120,1.575,0.000,0.4391,1,0,0.5669,1.7079,-2.4913,1.4751,2.9017,-2.4913,4.5024,6.8811,-2.4913,0.0000,0.0000,0
0.102,0.0000,0.0000,0.0000,0.000,38.06517997,-79.05179009,-0.0080,1.1082,1.947,0.000,0.4458,1,0,0.5975,1.9041,-2.4913,1.5056,3.0979,-2.4913,4.5329,7.0773,-2.4913,0.0000,0.0000,0
0.204,0.0000,0.0000,0.0000,0.000,38.06517932,-79.05179083,-0.0728,1.0362,0.949,0.000,0.4458,1,0,0.5327,1.8321,-2.4913,1.4409,3.0259,-2.4913,4.4681,7.0053,-2.4913,0.0000,0.0000,0
0.305,0.0000,0.0000,0.0000,0.000,38.06517853,-79.05179175,-0.1535,0.9477,1.186,0.000,0.4460,1,0,0.4519,1.7436,-2.4913,1.3601,2.9374,-2.4913,4.3874,6.9168,-2.4913,0.0000,0.0000,0
0.407,0.0000,0.0000,0.0000,0.000,38.06517871,-79.05179012,-0.0108,0.9675,1.413,0.000,0.4460,1,0,0.5947,1.7634,-2.4913,1.5029,2.9572,-2.4913,4.5302,6.9366,-2.4913,0.0000,0.0000,0
0.509,0.0000,0.0000,0.0000,0.000,38.06517826,-79.05178780,0.1924,0.9185,2.049,0.000,0.4120,1,0,0.7978,1.7144,-2.4913,1.7060,2.9082,-2.4913,4.7333,6.8876,-2.4913,0.0000,0.0000,0
0.611,0.0000,0.0000,0.0000,0.000,38.06517921,-79.05178979,0.0187,1.0231,1.988,0.000,0.4120,1,0,0.6242,1.8190,-2.4913,1.5324,3.0128,-2.4913,4.5596,6.9922,-2.4913,0.0000,0.0000,0
0.712,0.0000,0.0000,0.0000,0.000,38.06517863,-79.05178858,0.1245,0.9589,1.226,0.000,0.4120,1,0,0.7300,1.7547,-2.4913,1.6382,2.9486,-2.4913,4.6655,6.9279,-2.4913,0.0000,0.0000,0
0.813,0.0000,0.0000,0.0000,0.000,38.06517904,-79.05178954,0.0403,1.0042,0.947,0.000,0.4120,1,0,0.6457,1.8001,-2.4913,1.5539,2.9939,-2.4913,4.5812,6.9733,-2.4913,0.0000,0.0000,0
0.915,0.0000,0.0000,0.0000,0.000,38.06517827,-79.05178901,0.0868,0.9186,0.956,0.000,0.4120,1,0,0.6923,1.7144,-2.4913,1.6005,2.9083,-2.4913,4.6278,6.8876,-2.4913,0.0000,0.0000,0
1.017,0.0000,0.0000,0.0000,0.000,38.06517811,-79.05179098,-0.0856,0.9012,1.699,0.000,0.4120,1,0,0.5199,1.6971,-2.4913,1.4280,2.8909,-2.4913,4.4553,6.8703,-2.4913,0.0000,0.0000,0
1.118,0.0000,0.0000,0.0000,0.000,38.06517839,-79.05179088,-0.0769,0.9323,0.319,0.000,0.4120,1,0,0.5285,1.7282,-2.4913,1.4367,2.9220,-2.4913,4.4640,6.9014,-2.4913,0.0000,0.0000,0
1.220,0.0000,0.0000,0.0000,0.000,38.06517823,-79.05178932,0.0597,0.9151,1.351,0.000,0.4099,1,0,0.6652,1.7109,-2.4913,1.5734,2.9047,-2.4913,4.6007,6.8841,-2.4913,0.0000,0.0000,0
1.337,0.0000,0.0000,0.0000,0.000,38.06517852,-79.05179292,-0.2558,0.9464,2.710,0.000,0.4992,1,0,0.3497,1.7423,-2.4913,1.2578,2.9361,-2.4913,4.2851,6.9155,-2.4913,0.0000,0.0000,0
1.439,0.0000,0.0000,0.0000,0.000,38.06517981,-79.05178943,0.0495,1.0899,3.307,0.000,0.4992,1,0,0.6550,1.8857,-2.4913,1.5632,3.0795,-2.4913,4.5905,7.0589,-2.4913,0.0000,0.0000,0
1.541,0.0000,0.0000,0.0000,0.000,38.06517713,-79.05179002,-0.0016,0.7923,2.960,0.296,0.5483,0,0,0.6039,1.5881,-2.4913,1.5121,2.7820,-2.4913,4.5394,6.7613,-2.4913,0.0000,0.0000,0
1.643,0.0000,0.0000,0.0000,0.000,38.06517905,-79.05178935,0.0572,1.0056,2.169,0.483,0.5483,0,0,0.6627,1.8015,-2.4913,1.5709,2.9953,-2.4913,4.5982,6.9747,-2.4913,0.0000,0.0000,0
1.745,0.0000,0.0043,0.0000,0.085,38.06517917,-79.05178793,0.1811,1.0188,1.222,0.557,0.5483,0,0,0.7866,1.8147,-2.4913,1.6948,3.0085,-2.4913,4.7221,6.9879,-2.4913,0.0000,0.0000,0
1.846,0.0000,0.0189,0.0000,0.186,38.06517777,-79.05179042,-0.0370,0.8631,2.654,0.767,0.5483,0,0,0.5685,1.6590,-2.4913,1.4767,2.8528,-2.4913,4.5040,6.8322,-2.4913,0.0000,0.0000,0
1.947,0.0000,0.0436,0.0000,0.287,38.06517778,-79.05179093,-0.0812,0.8650,0.439,0.734,0.5483,0,0,0.5242,1.6609,-2.4913,1.4324,2.8547,-2.4913,4.4597,6.8341,-2.4913,0.0000,0.0000,0
2.048,0.0000,0.0785,0.0000,0.388,38.06518009,-79.05178984,0.0138,1.1217,2.710,0.932,0.5562,0,0,0.6193,1.9176,-2.4913,1.5274,3.1114,-2.4913,4.5547,7.0908,-2.4913,0.0000,0.0000,0
2.150,0.0000,0.1242,0.0000,0.490,38.06517976,-79.05178911,0.0778,1.0851,0.723,0.911,0.5562,0,0,0.6833,1.8810,-2.4913,1.5915,3.0748,-2.4913,4.6188,7.0542,-2.4913,0.0000,0.0000,0
2.253,0.0000,0.1809,0.0000,0.593,38.06518116,-79.05179166,-0.1456,1.2407,2.644,1.084,0.6340,0,0,0.4598,2.0366,-2.4913,1.3680,3.2304,-2.4913,4.3953,7.2098,-2.4913,0.0000,0.0000,0
2.354,0.0000,0.2467,0.0000,0.694,38.06518032,-79.05178995,0.0040,1.1471,1.747,1.150,0.6340,0,0,0.6094,1.9430,-2.4913,1.5176,3.1368,-2.4913,4.5449,7.1162,-2.4913,0.0000,0.0000,0
2.457,0.0000,0.3244,0.0000,0.797,38.06518160,-79.05179090,-0.0787,1.2890,1.594,1.195,0.6690,0,0,0.5268,2.0849,-2.4913,1.4350,3.2787,-2.4913,4.4623,7.2581,-2.4913,0.0000,0.0000,0
2.559,0.0000,0.4117,0.0000,0.899,38.06518217,-79.05179015,-0.0132,1.3520,0.890,1.164,0.7101,0,0,0.5922,2.1478,-2.4913,1.5004,3.3417,-2.4913,4.5277,7.3210,-2.4913,0.0000,0.0000,0
2.661,0.0000,0.5095,0.0000,1.001,38.06518217,-79.05179061,-0.0530,1.3526,0.390,1.087,0.7106,0,0,0.5524,2.1485,-2.4913,1.4606,3.3423,-2.4913,4.4879,7.3217,-2.4913,0.0000,0.0000,0
2.778,0.0000,0.6344,0.0000,1.118,38.06518446,-79.05179017,-0.0147,1.6073,2.201,1.198,0.9247,0,0,0.5907,2.4031,-2.4913,1.4989,3.5969,-2.4913,4.5262,7.5763,-2.4913,0.0000,0.0000,0
2.880,0.0000,0.7545,0.0000,1.220,38.06518546,-79.05179034,-0.0300,1.7183,1.099,1.188,1.0239,0,0,0.5755,2.5142,-2.4913,1.4836,3.7080,-2.4913,4.5109,7.6874,-2.4913,0.0000,0.0000,0
2.983,0.0000,0.8829,0.0000,1.221,38.06518739,-79.05178906,0.0821,1.9323,2.345,1.304,1.2209,0,0,0.6875,2.7282,-2.4913,1.5957,3.9220,-2.4913,4.6230,7.9014,-2.4913,0.0000,0.0000,0
3.085,0.0000,1.0014,0.0000,1.119,38.06518748,-79.05179079,-0.0690,1.9425,1.484,1.322,1.2305,0,0,0.5365,2.7384,-2.4913,1.4447,3.9322,-2.4913,4.4720,7.9116,-2.4913,0.0000,0.0000,0
3.188,0.0000,1.1105,0.0000,1.016,38.06518898,-79.05179008,-0.0072,2.1092,1.726,1.362,1.3875,0,0,0.5983,2.9051,-2.4913,1.5065,4.0989,-2.4913,4.5337,8.0783,-2.4913,0.0000,0.0000,0
3.291,0.0000,1.2089,0.0000,0.913,38.06519000,-79.05178980,0.0179,2.2230,1.131,1.339,1.4959,0,0,0.6233,3.0188,-2.4913,1.5315,4.2127,-2.4913,4.5588,8.1920,-2.4913,0.0000,0.0000,0
3.394,0.0000,1.2968,0.0000,0.810,38.06518939,-79.05179069,-0.0607,2.1547,1.011,1.306,1.4675,0,0,0.5448,2.9506,-2.4913,1.4529,4.1444,-2.4913,4.4802,8.1238,-2.4913,0.0000,0.0000,0
3.501,0.0000,1.3905,0.0000,0.917,38.06519107,-79.05178886,0.0998,2.3412,2.300,1.406,1.5831,0,0,0.7052,3.1371,-2.4913,1.6134,4.3309,-2.4913,4.6407,8.3103,-2.4913,0.0000,0.0000,0
3.602,0.0000,1.4891,0.0000,1.018,38.06519147,-79.05178900,0.0875,2.3859,0.458,1.311,1.5574,0,0,0.6930,3.1818,-2.4913,1.6012,4.3756,-2.4913,4.6285,8.3550,-2.4913,0.0000,0.0000,0
3.703,0.0000,1.5978,0.0000,1.119,38.06519316,-79.05178986,0.0127,2.5741,2.005,1.380,1.7419,0,1,0.9719,2.8568,-1.8575,2.4106,3.2810,-1.8575,5.1273,7.4785,-2.5672,0.0000,0.0000,0
3.805,0.0000,1.7181,0.0000,1.221,38.06519493,-79.05179037,-0.0323,2.7710,1.980,1.440,1.9236,0,1,0.9472,2.5691,-1.3675,2.4163,2.2663,-1.3675,4.7235,6.7022,-2.6620,0.0000,0.0000,0
3.907,0.0000,1.8487,0.0000,1.323,38.06519686,-79.05179076,-0.0669,2.9848,2.123,1.509,2.1340,0,1,0.7775,2.4491,-1.0054,2.0441,1.6455,-1.0054,4.3851,6.0636,-2.6543,0.0000,0.0000,0
4.009,0.0000,1.9897,0.0000,1.425,38.06519668,-79.05179049,-0.0433,2.9646,0.305,1.388,1.9155,0,0,0.8011,2.4289,-1.0054,2.0677,1.6253,-1.0054,4.4088,6.0434,-2.6543,0.0000,0.0000,0
4.110,0.0000,2.1396,0.0000,1.526,38.06519780,-79.05179090,-0.0790,3.0897,1.289,1.378,2.0196,0,1,0.6294,2.3840,-0.7873,1.6920,1.3253,-0.7873,4.1627,5.6722,-2.6248,0.0000,0.0000,0
4.211,0.0000,2.2996,0.0000,1.627,38.06520102,-79.05179067,-0.0589,3.4468,3.541,1.595,2.3127,0,1,0.4503,2.5861,-0.5342,1.2140,1.2951,-0.5342,3.7597,-3.0083,-0.5342,0.0000,0.0000,0
4.313,0.0000,2.4717,0.0000,1.729,38.06520086,-79.05178940,0.0523,3.4291,1.103,1.545,2.3066,0,1,-0.0920,2.4395,0.1448,-0.3084,0.9552,0.1448,3.2729,-2.5340,-0.7984,0.0000,0.0000,0
4.415,0.0000,2.6541,0.0000,1.831,38.06520237,-79.05179077,-0.0674,3.5973,2.024,1.593,2.3152,0,1,0.0166,2.6009,-0.0841,0.1426,1.1062,-0.0841,3.4026,-2.6849,-0.7102,0.0000,0.0000,0
4.517,0.0000,2.8469,0.0000,1.933,38.06520397,-79.05179155,-0.1354,3.7747,1.862,1.620,2.4341,0,1,0.0326,2.7889,-0.1688,0.2846,1.3102,-0.1688,3.3609,-2.6314,-0.6627,0.0000,0.0000,0
4.620,0.0000,3.0522,0.0000,2.036,38.06520707,-79.05178794,0.1801,4.1201,4.542,1.912,2.7854,0,1,0.0764,3.1255,0.1039,-0.0792,1.6336,0.1039,3.0599,-2.2582,-0.6787,0.0000,0.0000,0
4.723,0.0000,3.2681,0.0000,2.139,38.06520846,-79.05178946,0.0474,4.2747,1.978,1.919,2.6860,0,1,0.1870,3.2845,-0.1401,0.3965,1.7992,-0.1401,3.1403,-2.3807,-0.5809,0.0000,0.0000,0
4.825,0.0000,3.4923,0.0000,2.241,38.06521145,-79.05179013,-0.0118,4.6064,3.303,2.057,2.9053,0,1,0.1387,3.6178,-0.1510,0.3644,2.1348,-0.1510,2.9829,-2.1247,-0.5512,0.0000,0.0000,0
4.927,0.0005,3.7270,0.0044,2.343,38.06521303,-79.05178914,0.0749,4.7822,1.922,2.044,2.8673,0,1,0.0432,3.7827,0.0317,-0.0044,2.2834,0.0317,2.8006,-1.8557,-0.5956,0.0000,0.0000,0
5.028,0.0031,3.9696,0.0168,2.444,38.06521493,-79.05178932,0.0596,4.9930,2.093,2.049,3.0667,0,1,0.0591,3.9930,0.0005,0.0584,2.4930,0.0005,2.7254,-1.7364,-0.5626,0.0000,0.0000,0
5.130,0.0104,4.2248,0.0382,2.546,38.06521707,-79.05179102,-0.0889,5.2316,2.756,2.119,3.1383,0,1,0.0770,4.2454,-0.1667,0.3259,2.7662,-0.1667,2.6774,-1.6463,-0.4896,0.0000,0.0000,0
5.232,0.0252,4.4902,0.0695,2.648,38.06521838,-79.05178908,0.0805,5.3766,2.186,2.126,3.2373,0,1,-0.0612,4.3867,0.1422,-0.2737,2.9018,0.1422,2.4479,-1.2926,-0.5756,0.0000,0.0000,0
5.334,0.0510,4.7651,0.1120,2.750,38.06522270,-79.05178671,0.2879,5.8562,5.123,2.426,3.7256,0,1,0.0678,4.8807,0.2220,-0.2625,3.4175,0.2220,2.2313,-0.9162,-0.5222,0.0000,0.0000,0
5.436,0.0919,5.0487,0.1669,2.852,38.06522545,-79.05178612,0.3395,6.1619,3.039,2.487,3.8500,0,1,0.1354,5.1829,0.2055,-0.1706,3.7145,0.2055,2.1316,-0.7240,-0.4785,0.0000,0.0000,0
5.539,0.1534,5.3422,0.2368,2.955,38.06522638,-79.05178481,0.4543,6.2661,1.505,2.389,3.9248,0,1,0.0704,5.3427,0.3939,-0.5053,3.9576,0.3939,1.9485,-0.3989,-0.5130,0.0000,0.0000,0
5.641,0.2399,5.6372,0.3209,3.057,38.06522965,-79.05178434,0.4953,6.6296,3.586,2.509,4.1043,0,1,0.1907,5.6771,0.3095,-0.2661,4.2484,0.3095,1.8848,-0.2653,-0.4447,0.0000,0.0000,0
5.743,0.3556,5.9331,0.4099,3.159,38.06523172,-79.05177981,0.8919,6.8589,4.492,2.707,4.2150,0,1,0.3859,5.9964,0.5306,-0.3732,4.7027,0.5306,1.6957,0.1508,-0.4266,0.0000,0.0000,0
5.845,0.5024,6.2267,0.5018,3.261,38.06523275,-79.05177858,0.9989,6.9739,1.540,2.590,4.1666,0,1,0.4373,6.1464,0.5963,-0.4051,4.9053,0.5963,1.6157,0.3319,-0.4160,0.0000,0.0000,0
5.947,0.6814,6.5140,0.5963,3.363,38.06523639,-79.05177509,1.3050,7.3787,4.975,2.829,4.6431,0,1,0.7308,6.5600,0.6116,-0.1305,5.3319,0.6116,1.5180,0.6115,-0.3360,0.0000,0.0000,0
6.049,0.8919,6.7924,0.6820,3.465,38.06523850,-79.05177116,1.6489,7.6121,4.075,2.953,4.8616,0,1,0.9891,6.8606,0.7205,-0.0005,5.7334,0.7205,1.4208,0.9396,-0.2882,0.0000,0.0000,0
6.166,1.1677,7.1000,0.7650,3.582,38.06523982,-79.05176882,1.8533,7.7598,2.155,2.874,4.7655,0,1,1.1444,7.0544,0.7879,0.0811,5.9964,0.7879,1.3615,1.1632,-0.2590,0.0000,0.0000,0
6.268,1.4342,7.3585,0.8241,3.684,38.06524372,-79.05176559,2.1355,8.1924,5.064,3.093,5.2770,0,1,1.4724,7.4438,0.7249,0.4778,6.3210,0.7249,1.3222,1.3928,-0.1697,0.0000,0.0000,0
6.370,1.7217,7.6098,0.8711,3.786,38.06524586,-79.05176052,2.5794,8.4303,4.938,3.277,5.5433,0,1,1.8407,7.7562,0.8311,0.7327,6.7452,0.8311,1.2801,1.7752,-0.1097,0.0000,0.0000,0
6.472,2.0272,7.8559,0.9060,3.888,38.06524584,-79.05175950,2.6686,8.4282,0.874,3.037,5.4348,0,0,1.9299,7.7542,0.8311,0.8219,6.7431,0.8311,1.3692,1.7732,-0.1097,0.0000,0.0000,0
6.575,2.3507,8.1022,0.9285,3.991,38.06524802,-79.05175338,3.2045,8.6710,5.712,3.304,5.6176,0,1,2.4056,8.0695,0.9254,1.2073,7.1672,0.9254,1.2748,2.1677,-0.0135,0.0000,0.0000,0
6.677,2.6832,8.3475,0.9380,4.093,38.06525201,-79.05175081,3.4294,9.1141,4.872,3.461,5.9832,0,1,2.7199,8.4094,0.7887,1.6558,7.3522,0.7887,1.2893,2.3656,0.0734,0.0000,0.0000,0
6.779,3.0245,8.5983,0.9342,4.195,38.06525239,-79.05174356,4.0631,9.1562,6.227,3.738,6.1596,0,1,3.2198,8.6188,1.0034,1.9548,7.8127,1.0034,1.3484,2.8496,0.1216,0.0000,0.0000,0
6.882,3.3744,8.8622,0.9160,4.298,38.06525615,-79.05174058,4.3237,9.5737,4.778,3.842,6.5138,0,1,3.5595,8.9287,0.8698,2.4132,7.9613,0.8698,1.3936,3.0663,0.2054,0.0000,0.0000,0
6.984,3.7220,9.1392,0.8829,4.400,38.06525766,-79.05173642,4.6884,9.7417,3.937,3.851,6.7360,0,1,3.8747,9.1605,0.9507,2.6540,8.2888,0.9507,1.4810,3.4283,0.2368,0.0000,0.0000,0
7.085,4.0620,9.4344,0.8344,4.501,38.06526075,-79.05173461,4.8464,10.0857,3.749,3.841,6.9225,0,1,4.1329,9.3852,0.7946,3.0625,8.3343,0.7946,1.5284,3.5755,0.3119,0.0000,0.0000,0
7.187,4.3946,9.7595,0.7678,4.603,38.06526504,-79.05173009,5.2415,10.5615,6.063,4.063,7.3157,0,1,4.5496,9.8395,0.7641,3.5118,8.7565,0.7641,1.7242,4.0870,0.3656,0.0000,0.0000,0
7.288,4.7049,10.1134,0.6830,4.704,38.06526750,-79.05172926,5.3148,10.8357,2.810,3.938,7.0757,0,1,4.7393,10.0179,0.6132,3.8761,8.7912,0.6132,1.7962,4.2443,0.4290,0.0000,0.0000,0
7.390,4.9880,10.5080,0.5761,4.806,38.06527180,-79.05172659,5.5481,11.3131,5.209,4.065,7.3256,0,1,5.0122,10.4688,0.5656,4.2083,9.2024,0.5656,2.0209,4.7063,0.4528,0.0000,0.0000,0
7.492,5.2265,10.9428,0.4455,4.908,38.06527621,-79.05172574,5.6225,11.8031,4.859,4.144,7.5742,0,1,5.1955,10.8988,0.4412,4.5551,9.5424,0.4412,2.2344,5.1136,0.4827,0.0000,0.0000,0
7.593,5.4047,11.4112,0.3050,5.000,38.06528132,-79.05172590,5.6081,12.3713,5.628,4.293,7.6978,0,1,5.3115,11.4164,0.3012,4.8664,9.9839,0.3012,2.4892,5.5852,0.4955,0.0000,0.0000,0
7.695,5.5167,11.9083,0.1622,5.000,38.06528733,-79.05172663,5.5449,13.0392,6.577,4.521,7.7830,0,1,5.3634,12.0558,0.1825,5.0911,10.5808,0.1825,2.7814,6.1462,0.4802,0.0000,0.0000,0
7.797,5.5569,12.4163,0.0193,5.000,38.06529121,-79.05172566,5.6292,13.4700,4.303,4.499,7.9774,0,1,5.4445,12.4872,0.1857,5.1675,11.0130,0.1857,2.9664,6.5235,0.4558,0.0000,0.0000,0
7.899,5.5243,12.9248,-0.1235,5.000,38.06529545,-79.05172766,5.4547,13.9418,4.932,4.543,7.8596,0,1,5.4309,12.9421,0.0237,5.3953,11.4425,0.0237,3.1816,6.9593,0.4587,0.0000,0.0000,0
8.000,5.4211,13.4187,-0.2650,5.000,38.06529883,-79.05173034,5.2197,14.3175,4.388,4.527,7.7978,0,1,5.3702,13.3289,-0.1510,5.5959,11.8460,-0.1510,3.3812,7.3633,0.4589,0.0000,0.0000,0
8.102,5.2472,13.8977,-0.4078,5.000,38.06530337,-79.05173284,5.0012,14.8221,5.391,4.614,8.0084,0,1,5.2275,13.8481,-0.2283,5.5671,12.3870,-0.2283,3.5722,7.8022,0.4104,0.0000,0.0000,0
8.204,5.0068,14.3471,-0.5506,5.000,38.06530554,-79.05173920,4.4448,15.0631,5.944,4.747,7.7080,0,1,4.9316,14.1896,-0.5084,5.6618,12.8794,-0.5084,3.7588,8.2557,0.3905,0.0000,0.0000,0
8.320,4.6592,14.8106,-0.7131,5.000,38.06530908,-79.05174396,4.0279,15.4566,4.941,4.766,7.6615,0,1,4.5927,14.6313,-0.6002,5.4400,13.3935,-0.6002,3.8850,8.6414,0.3162,0.0000,0.0000,0
8.421,4.2988,15.1637,-0.8545,5.000,38.06531250,-79.05174945,3.5480,15.8367,6.062,4.896,7.9781,0,1,4.1849,15.0657,-0.6904,5.1402,13.9092,-0.6904,3.9813,9.0454,0.2339,0.0000,0.0000,0
8.523,3.8879,15.4651,-0.9974,5.000,38.06531312,-79.05175710,2.8784,15.9058,6.600,5.066,7.7400,0,1,3.6762,15.3029,-0.9237,4.8730,14.3986,-0.9237,4.0514,9.4665,0.1651,0.0000,0.0000,0
8.625,3.4383,15.7050,-1.1402,5.000,38.06531455,-79.05176084,2.5511,16.0645,3.566,4.916,7.6015,0,1,3.3829,15.5094,-0.9824,4.6306,14.6768,-0.9824,4.0782,9.7075,0.1107,0.0000,0.0000,0
8.727,2.9598,15.8803,-1.2732,5.000,38.06531717,-79.05176689,2.0218,16.3556,5.922,5.017,8.0526,0,1,2.8676,15.8221,-1.0081,4.1363,15.0218,-1.0081,4.0816,10.0221,0.0109,0.0000,0.0000,0
8.828,2.4685,15.9962,-1.3831,5.000,38.06531569,-79.05177236,1.5431,16.1906,5.012,5.016,7.9176,0,1,2.5001,15.9005,-1.2764,3.9356,15.4653,-1.2764,4.0697,10.4671,-0.0268,0.0000,0.0000,0
8.929,1.9682,16.0635,-1.4730,5.000,38.06531626,-79.05177927,0.9386,16.2543,6.019,5.117,8.1084,0,1,1.9105,16.0190,-1.3333,3.3684,15.6661,-1.3333,4.0368,10.7109,-0.1341,0.0000,0.0000,0
9.030,1.4640,16.0911,-1.5443,5.000,38.06531482,-79.05178329,0.5873,16.0945,3.821,4.987,8.0456,0,1,1.5866,16.0563,-1.5326,3.0855,15.9990,-1.5326,3.9708,11.0780,-0.1780,0.0000,0.0000,0
9.131,0.9591,16.0880,-1.5980,5.000,38.06531455,-79.05179073,-0.0635,16.0640,6.451,5.133,8.1227,0,1,0.9364,16.0513,-1.5581,2.4363,16.0323,-1.5581,3.9156,11.2561,-0.3004,0.0000,0.0000,0
9.233,0.4498,16.0624,-1.6352,5.000,38.06531259,-79.05179671,-0.5868,15.8463,5.556,5.176,8.3130,0,1,0.4073,15.9555,-1.6802,1.8983,16.1192,-1.6802,3.8141,11.5008,-0.3932,0.0000,0.0000,0
9.335,-0.0587,16.0228,-1.6557,5.000,38.06531328,-79.05180175,-1.0283,15.9234,4.394,5.097,8.3516,0,1,-0.0286,15.9481,-1.5955,1.4709,15.9852,-1.5955,3.7865,11.5537,-0.4815,0.0000,0.0000,0
9.437,-0.5667,15.9777,-1.6597,5.000,38.06531334,-79.05180702,-1.4892,15.9300,4.520,5.040,8.4497,0,1,-0.4893,15.9430,-1.5838,1.0105,15.9625,-1.5838,3.6746,11.7314,-0.5619,0.0000,0.0000,0
9.539,-1.0749,15.9354,-1.6474,5.000,38.06531303,-79.05181382,-2.0839,15.8954,5.840,5.120,8.6813,0,1,-1.0843,15.9220,-1.5973,0.4152,15.9618,-1.5973,3.4668,12.0010,-0.6565,0.0000,0.0000,0
9.640,-1.5790,15.9044,-1.6189,5.000,38.06531257,-79.05181944,-2.5757,15.8447,4.895,5.097,8.8498,0,1,-1.5769,15.8941,-1.6202,-0.0788,15.9682,-1.6202,3.2532,12.2401,-0.7293,0.0000,0.0000,0
9.742,-2.0888,15.8927,-1.5734,5.000,38.06531267,-79.05182491,-3.0544,15.8549,4.694,5.057,9.1504,0,1,-2.0548,15.8831,-1.5990,-0.5553,15.9254,-1.5990,3.0378,12.4485,-0.8018,0.0000,0.0000,0
9.843,-2.5934,15.9091,-1.5110,5.000,38.06531450,-79.05183165,-3.6446,16.0588,6.183,5.169,9.4140,0,1,-2.6478,15.9789,-1.4907,-1.1526,15.8589,-1.4907,2.7254,12.7028,-0.8877,0.0000,0.0000,0
9.945,-3.1004,15.9628,-1.4297,5.000,38.06531386,-79.05183492,-3.9302,15.9872,2.887,4.941,9.3741,0,1,-2.9304,16.0049,-1.5885,-1.4306,16.0314,-1.5885,2.4720,12.9057,-0.8955,0.0000,0.0000,0
10.047,-3.6002,16.0633,-1.3287,5.000,38.06531713,-79.05184198,-4.5479,16.3507,7.027,5.150,9.6714,0,1,-3.5587,16.2040,-1.4236,-2.0750,15.9840,-1.4236,2.0654,13.1810,-0.9757,0.0000,0.0000,0
10.150,-4.0900,16.2214,-1.2052,5.000,38.06531922,-79.05184821,-5.0931,16.5833,5.754,5.210,9.6583,0,1,-4.1181,16.3611,-1.3468,-2.6555,16.0279,-1.3468,1.6262,13.4459,-1.0281,0.0000,0.0000,0
10.251,-4.5451,16.4393,-1.0655,5.000,38.06532234,-79.05185100,-5.3375,16.9297,4.197,5.109,9.4806,0,1,-4.4343,16.5004,-1.1271,-3.0796,15.8565,-1.1271,1.3705,13.5768,-1.0974,0.0000,0.0000,0
10.352,-4.9650,16.7191,-0.9241,5.000,38.06532589,-79.05185504,-5.6907,17.3241,5.242,5.122,9.3577,0,1,-4.8449,16.7906,-1.0081,-3.5762,15.9904,-1.0081,0.9174,13.7979,-1.1169,0.0000,0.0000,0
10.454,-5.3447,17.0590,-0.7812,5.000,38.06533023,-79.05185953,-6.0832,17.8067,6.099,5.220,9.1738,0,1,-5.2934,17.1933,-0.9105,-4.1087,16.2733,-0.9105,0.3768,14.0641,-1.1132,0.0000,0.0000,0
10.555,-5.6693,17.4453,-0.6398,5.000,38.06533562,-79.05186274,-6.3649,18.4055,6.552,5.353,9.2764,0,1,-5.6693,17.6870,-0.7692,-4.6259,16.6094,-0.7692,-0.1695,14.3421,-1.1002,0.0000,0.0000,0
10.656,-5.9362,17.8736,-0.4983,5.000,38.06533769,-79.05186277,-6.3669,18.6361,2.284,5.046,8.8409,0,1,-5.8518,17.7790,-0.5411,-5.0792,16.4933,-0.5411,-0.4995,14.4867,-1.1578,0.0000,0.0000,0
10.759,-6.1432,18.3446,-0.3541,5.000,38.06534325,-79.05186255,-6.3482,19.2537,5.999,5.141,8.6134,0,1,-5.9869,18.3213,-0.3697,-5.4449,16.9226,-0.3697,-0.9595,14.7133,-1.1131,0.0000,0.0000,0
10.860,-6.2786,18.8307,-0.2126,5.000,38.06534934,-79.05186364,-6.4428,19.9305,6.766,5.304,8.4367,0,1,-6.1469,18.9753,-0.3005,-5.7029,17.5425,-0.3005,-1.4087,14.9812,-1.0330,0.0000,0.0000,0
10.976,-6.3478,19.4060,-0.0502,5.000,38.06535388,-79.05186434,-6.5047,20.4351,4.383,5.212,8.4479,0,1,-6.2603,19.4655,-0.2469,-5.8937,18.0109,-0.2469,-1.7504,15.2120,-0.9767,0.0000,0.0000,0
11.078,-6.3310,19.9153,0.0926,5.000,38.06535737,-79.05185977,-6.1045,20.8225,5.461,5.237,8.1404,0,1,-6.1721,19.8248,0.0677,-6.2735,18.3282,0.0677,-2.1561,15.4915,-0.9675,0.0000,0.0000,0
11.179,-6.2430,20.4121,0.2341,5.000,38.06536245,-79.05185826,-5.9726,21.3878,5.747,5.288,8.1085,0,1,-6.0885,20.3946,0.1161,-6.2622,18.9047,0.1161,-2.4171,15.7085,-0.8773,0.0000,0.0000,0
11.281,-6.0840,20.8963,0.3769,5.000,38.06536566,-79.05185572,-5.7504,21.7443,4.118,5.171,8.0496,0,1,-5.9964,20.7750,0.2485,-6.3653,19.3211,0.2485,-2.6765,15.9458,-0.8298,0.0000,0.0000,0
11.383,-5.8576,21.3528,0.5198,5.000,38.06536971,-79.05185121,-5.3556,22.1943,5.868,5.241,8.0914,0,1,-5.7358,21.2693,0.3900,-6.3061,19.8820,0.3900,-2.9166,16.2062,-0.7449,0.0000,0.0000,0
11.485,-5.5686,21.7725,0.6626,5.000,38.06537258,-79.05184565,-4.8693,22.5132,5.702,5.287,8.0008,0,1,-5.4090,21.6714,0.5701,-6.2185,20.4086,0.5701,-3.1294,16.4770,-0.6660,0.0000,0.0000,0
11.602,-5.1676,22.1976,0.8265,5.000,38.06537721,-79.05184014,-4.3874,23.0283,6.029,5.361,8.1879,0,1,-4.9723,22.2172,0.6247,-5.8495,21.0005,0.6247,-3.2728,16.7155,-0.5414,0.0000,0.0000,0
11.703,-4.7695,22.5077,0.9679,5.000,38.06537810,-79.05183486,-3.9248,23.1269,4.683,5.293,8.0490,0,1,-4.6731,22.4636,0.8455,-5.7956,21.4686,0.8455,-3.4515,17.0521,-0.4880,0.0000,0.0000,0
11.804,-4.3318,22.7586,1.1087,5.000,38.06537949,-79.05183020,-3.5177,23.2809,4.310,5.195,7.8816,0,1,-4.3338,22.7030,0.9546,-5.5579,21.8361,0.9546,-3.5430,17.2601,-0.4148,0.0000,0.0000,0
11.906,-3.8626,22.9501,1.2334,4.932,38.06537984,-79.05182318,-2.9033,23.3199,6.036,5.279,8.1694,0,1,-3.8036,22.8847,1.1205,-5.1540,22.2317,1.1205,-3.6128,17.4752,-0.3134,0.0000,0.0000,0
12.023,-3.3142,23.1018,1.3477,4.815,38.06538115,-79.05181794,-2.4443,23.4659,4.116,5.163,8.1922,0,1,-3.3624,23.0695,1.1632,-4.7395,22.4748,1.1632,-3.6402,17.5972,-0.2217,0.0000,0.0000,0
12.125,-2.8368,23.1870,1.4250,4.713,38.06538063,-79.05181000,-1.7498,23.4084,6.832,5.330,8.3654,0,1,-2.7161,23.1508,1.3102,-4.1654,22.7644,1.3102,-3.6598,17.7900,-0.1013,0.0000,0.0000,0
